PK;NAME;DESCRIPCION-ENTIDAD;HORARIO;EQUIPAMIENTO;TRANSPORT;DESCRIPCION;ACCESIBILIDAD;CONTENT-URL;NOMBRE-VIA;CLASE-VIAL;TIPO-NUM;NUM;PLANTA;PUERTA;ESCALERAS;ORIENTACION;LOCALIDAD;PROVINCIA;CODIGO-POSTAL;BARRIO;DISTRITO;COORDENADA-X;COORDENADA-Y;LATITUD;LONGITUD;TELEFONO;FAX;EMAIL;TIPO;
12424;Mercado municipal de Alto de Extremadura;"El mercado de Alto de Extremadura, construido en 1974, cuenta desde diciembre de 2011 con unas instalaciones e imagen totalmente renovada, que han permitido la rehabilitación integral de las estructuras, las instalaciones y la oferta comercial y de servicios del mercado. Las instalaciones del mercado ofrecen a los vecinos del barrio Puerta del Ángel del distrito de Latina, a través de sus más de treinta &ldquo;puestos tradicionales&rdquo; ubicados en la planta baja, y de un moderno supermercado de Carrefour, ubicado en la planta primera, una amplia y variada oferta comercial de alimentación, que abarca desde frutas a pescados, pasando por todo tipo de carnes y derivados, aves, huevos, caza, leche y derivados, embutidos, quesos, productos de panadería y repostería";Invierno: de lunes a viernes de 9 a 14 y de 17 a 20:30 horas. Sábados de 9 a 14 horas.  Verano: de lunes a viernes de 9 a 14 y de 17:30 a 20:30 horas. Sábados de 9 a 14:30 horas.  Supermercado Carrefour Express: de lunes a sábado de 9:30 a 22 horas. Festivos de 10 a 15 horas.;;Metro: Alto de Extremadura (linea 6)  Bus: 31, 33, 36, 39, 65, 119, 138;;1;http://www.madrid.es/sites/v/index.jsp?vgnextchannel=9e4c43db40317010VgnVCM100000dc0ca8c0RCRD&vgnextoid=75e4e1635561c010VgnVCM1000000b205a0aRCRD;JESUITAS;PASEO;V;44;;;;;MADRID;MADRID;28011;PUERTA DEL ANGEL;LATINA;437731;4473507;4.040.797.174.906.470;-37.351.687.013.396.300;914 794 751;;info@mercadoaltoextremadura.es;/contenido/entidadesYorganismos/Comercios/Mercados; 
12418;Mercado municipal de Antón Martín;"Inaugurado en el año 1941, el mercado de Antón Martín, situado en el barrio de Embajadores, junto al Cine Doré, sede de la Filmoteca Española, cuenta con más de 80 locales, entre puestos interiores y tiendas exteriores, se puede encontrar toda clase de alimentos (carnes, pescados, frutas y hortalizas, pan, pasteles&hellip;.) así como una variada oferta de productos no alimentarios y una escuela de danza.  Destaca su extraordinaria y variada oferta gastronómica y de comida para llevar.    Para más información, pinche aquí.";Establecimientos del mercado tradicional:   de lunes a viernes de 9 a 21 horas y sábados de 9 a 15 horas.   Horario de restaruación:  de lunes a viernes de 9 a 23:30 horas. Sábado de 15 a 18 horas (acceso por Duque de Fernán Núñez);Zona Wifi;Metro: Anton Martin (linea 1)  Bus: 6, 26, 32;;1;http://www.madrid.es/sites/v/index.jsp?vgnextchannel=9e4c43db40317010VgnVCM100000dc0ca8c0RCRD&vgnextoid=cb05e1635561c010VgnVCM1000000b205a0aRCRD;SANTA ISABEL;CALLE;V;5;;;;;MADRID;MADRID;28012;EMBAJADORES;CENTRO;440819;4473865;40.411.422.452.721.500;-36.988.110.198.857.100;913 690 620;;mdoantonmartin@hotmail.com;/contenido/entidadesYorganismos/Comercios/Mercados; 
12426;Mercado municipal de Argüelles;"62 años después de su inauguración, en 1949, y tras la ejecución en el año 2011, de la remodelación integral de sus instalaciones, el emblemático mercado de Arg&uuml;elles, es uno de los tres con los que cuenta el distrito de Moncloa Aravaca, prestando servicio a los ciudadanos en el madrileño barrio del que toma su nombre. Las nuevas instalaciones del mercado, del que se ha recuperado la fachada original, ofrecen a los vecinos una amplia y variada oferta de alimentación, tanto en sus puestos de mercado tradicional (fruterías, carnicerías, pescaderías, charcuterías, panadería, pollería&hellip;) situados en planta baja, como en el supermercado Ahorramás, ubicado en planta semisótano, al que se puede acceder sin traba alguna gracias al nuevo ascensor que se ha instalado en el chaflán de las calles Altamirano y Tutor. La oferta alimentaria se complementa con los comercios y servicios no alimentarios de las 5 tiendas exteriores, 2 con acceso por la calle Altamirano y 3 por la calle Tutor. Asimismo, en el mercado se mantiene la ya clásica actividad de enseñanza de música en la academia especializada situada en la planta segunda";Mercado: de lunes a viernes de 9 a 14 y de 17:30 a 20 horas. Sábado de 9 a 14 horas.  Supermercado Ahorramás: de lunes a sábado de 9 a 21 horas.;;Metro: Arguelles (linea 3, 4 y 6). Salida calle Altamirano.  Bus: 1, 21, 44, 74, 82, 83, 132, 133, C, 21;;1;http://www.madrid.es/sites/v/index.jsp?vgnextchannel=9e4c43db40317010VgnVCM100000dc0ca8c0RCRD&vgnextoid=1235e1635561c010VgnVCM1000000b205a0aRCRD;ALTAMIRANO;CALLE;V;7;;;;;MADRID;MADRID;28008;ARGUELLES;MONCLOA-ARAVACA;439107;4475866;40.431.197.427.341.100;-37.179.024.231.789.400;915 443 015;;;/contenido/entidadesYorganismos/Comercios/Mercados; 
12405;Mercado municipal de Bami;En obras.   El Mercado de Bami, construido en el año 1954, se encuentra ubicado en la plaza del mismo nombre, muy próximo a la calle de Alcalá, principal eje comercial del distrito de Ciudad Lineal;Invierno: de lunes a viernes de 9 a 14 y de 17 a 20 horas. Sábados de 9 a 14 horas.  Verano (de abril a septiembre): de lunes a viernes de 9 a 14 y de 17:30 a 20:30 horas. Sábados de 9 a 14 horas.;;Metro: Carmen (línea 5)  Bus: 38, 106, 110, 146, 210.;;0;http://www.madrid.es/sites/v/index.jsp?vgnextchannel=9e4c43db40317010VgnVCM100000dc0ca8c0RCRD&vgnextoid=be75e1635561c010VgnVCM1000000b205a0aRCRD;BAMI;PLAZA;V;32;;;;;MADRID;MADRID;28017;VENTAS;CIUDAD LINEAL;444410;4475768;40.430.694.913.121.700;-3.655.377.903.084.200;914 013 839 ;;;/contenido/entidadesYorganismos/Comercios/Mercados; 
12393;Mercado municipal de Barceló;Aunque el primitivo mercado de Barceló fue inaugurado en 1956, recientemente se ha edificado un nuevo mercado, integrado en el Centro Polivalente Barceló, inaugurado en diciembre de 2014. Por su situación, en el entorno de Malasaña, Fuencarral y Hortaleza, en el barrio de Justicia, es un mercado de gran sabor popular.   Cuenta con 103 establecimientos comerciales, distribuidos en tres plantas, en los que se presenta una oferta atractiva.   Este mercado está dotado de unas instalaciones modernas para garantizar a sus clientes la calidad de los productos comercializados, e integra visualmente las instalaciones destinadas al mercado tradicional, con otros usos, como son el deportivo, biblioteca o aparcamientos.;De lunes a viernes de 9 a 14:30 y de 17:30 a 20:30 horas. Sábados de 9 a 15 horas.;;Metro: Tribunal (lineas 1, 10), Alonso Martínez (4, 5 y 10) y Bilbao (1 y 4)  Bus: 3, 21, 37, 40, 147, 149;;1;http://www.madrid.es/sites/v/index.jsp?vgnextchannel=9e4c43db40317010VgnVCM100000dc0ca8c0RCRD&vgnextoid=05a5e1635561c010VgnVCM1000000b205a0aRCRD;BARCELO;CALLE;V;6;;;;;MADRID;MADRID;28004;JUSTICIA;CENTRO;440793;4475573;4.042.680.707.802.060;-36.992.767.323.438.300;914 475 550;;accbarcelo@gmail.com;/contenido/entidadesYorganismos/Comercios/Mercados; 
12413;Mercado municipal de Chamartín;"Ubicado en la esquina de las calles Potosí y Bolivia, el mercado de Chamartín, inaugurado en el año 1962, se ha consolidado a lo largo de sus casi 60 años de funcionamiento continuo, como uno de los principales referentes de la red de mercados de Madrid, tanto por la calidad de su oferta de productos y servicios. El mercado, cuyo exterior ha cobrado una imagen singular tras el acristalamiento de su fachada, alberga más de 70 establecimientos, entre puestos interiores y tiendas, en los que se puede encontrar la más variada y selecta oferta de carnes y derivados, pescados y mariscos (frescos y congelados), embutidos, quesos y jamones, aves, frutas y verduras, panes y productos de pastelería, encurtidos y variantes, cafés, aceites&hellip;., además de productos de decoración, ropa y complementos, flores, plantas, artículos para el hogar&hellip; Cuenta con aparcamiento para clientes con acceso directo al mercado.";Invierno:  de lunes a viernes de 9 a 14 y de 17 a 20 horas. Sábado de 9 a 14 horas.   Verano  (julio y agosto): de lunes a viernes de 9 a 14 y de 17:30 a 20 horas. Sábado de 9 a 14 horas.;;Metro: Colombia (lineas 8, 9)  Bus: 7, 11, 14, 16, 29, 40, 51, 52, 87;;1;http://www.madrid.es/sites/v/index.jsp?vgnextchannel=9e4c43db40317010VgnVCM100000dc0ca8c0RCRD&vgnextoid=5bc5e1635561c010VgnVCM1000000b205a0aRCRD;BOLIVIA;CALLE;V;9;;;;;MADRID;MADRID;28016;HISPANOAMERICA;CHAMARTIN;442619;4478945;40.457.311.867.437.300;-3.678.056.977.192.460;914 575 350;;mercadodechamartin@mercadodechamartin.com;/contenido/entidadesYorganismos/Comercios/Mercados; 
12422;Mercado municipal de Chamberí;"Inaugurado en el año 1943, este tradicional mercado, con acceso por las calles Alonso Cano, García de Paredes y Viriato, se ha consolidado a lo largo de sus casi 70 años de funcionamiento continuo, como uno de los principales referentes de la red de mercados de Madrid, tanto por la calidad como por la variedad de su oferta de productos y servicios. En los puestos ubicados en la planta baja del mercado y en las tiendas exteriores del mismo se puede encontrar la más variada y selecta oferta de carnes y derivados, pescados y mariscos (frescos y congelados), embutidos, quesos y jamones, aves, frutas y verduras, panes y productos de pastelería, encurtidos y variantes, cafés, aceites&hellip;, además de productos de decoración, ropa y complementos, flores, plantas, artículos para el hogar, etc. En la planta primera, se ubica el gimnasio, que cuenta con las más modernas instalaciones para el desarrollo de su actividad, incluida una piscina. El mercado dispone de aparcamiento para clientes con acceso directo al mercado.";Horario Mercado: De lunes a viernes de 9:30 a 14:30 y de 17:30 a 20:30 horas. Sábado de 9:30 a 14:30 horas.  Horario La Chispería:   Lunes: Cerrado.  de Martes a Jueves: de 12:30 a 24 horas.  Viernes y Sábado: de 12:30 a 2 horas.  Domingo: de 12:30 a 17:30 horas.;;Metro: Iglesia (línea 1) , Alonso Cano (línea 7).  Bus: 5, 12, 16, 61.;;1;http://www.madrid.es/sites/v/index.jsp?vgnextchannel=9e4c43db40317010VgnVCM100000dc0ca8c0RCRD&vgnextoid=a1f5e1635561c010VgnVCM1000000b205a0aRCRD;ALONSO CANO;CALLE;V;10;;;;;MADRID;MADRID;28010;ALMAGRO;CHAMBERI;440921;4476615;4.043.620.300.971.710;-36.978.649.027.841.800;914 469 574;;mercadodechamberi@gmail.com.;/contenido/entidadesYorganismos/Comercios/Mercados; 
12414;Mercado municipal de Diego de León;Situado en la misma calle que le da su nombre, el Mercado de Diego de León, al servicio de la ciudad desde 1939, es uno de los tres mercados municipales con que cuenta el distrito de Salamanca. Se dedica principalmente a la venta de productos frescos de alimentación de todas las especialidades a través de sus locales tradicionales.  Además de los puestos dedicados a llenar la nevera y la despensa, en su interior encontramos otras tiendas especializadas donde comprar artículos de moda y complementos, hacer copias de llaves o encargar arreglos de ropa, así como un par de cafeterías donde tomar un café antes de volver a casa con la compra hecha.;Invierno:  de lunes a viernes de 9 a 14 y de 17 a 20 horas. Sábado de 9 a 14 horas.   Verano : de lunes a viernes de 9 a 14 y de 17:30 a 20:30 horas. Sábado de 9 a 14 horas.;;Metro: Nu–ez de Balboa (lineas 5, 9)  Bus: 9, 16, 19, 51, 61, 74, C.;;1;http://www.madrid.es/sites/v/index.jsp?vgnextchannel=9e4c43db40317010VgnVCM100000dc0ca8c0RCRD&vgnextoid=f716e1635561c010VgnVCM1000000b205a0aRCRD;DIEGO DE LEON;CALLE;V;26;;;;;MADRID;MADRID;28006;CASTELLANA;SALAMANCA;442225;4476444;4.043.475.434.372.190;-36.824.756.273.454.700;917 030 405;;gerente@mercadodiegodeleon.es;/contenido/entidadesYorganismos/Comercios/Mercados; 
12400;Mercado municipal de Guillermo de Osma;"Inaugurado, en el año 1970, entre los años 2006 y 2008 fue objeto de obras de remodelación que han permitido la modernización y mejora de sus instalaciones y servicios. Este mercado, alberga puestos &ldquo;de toda la vida&rdquo; en los que los vecinos pueden encontrar toda clase de alimentos (carnes, pescados, frutas y hortalizas, pan, pasteles&hellip;.) así como una variada oferta de productos no alimentarios y servicios.";Invierno : de lunes a viernes de 9 a 14 y de 17 a 20 horas. Sábados de 9 a 14 horas.   Verano  (mayo a octubre, ambos inclusive): de lunes a viernes de 9 a 14 y de 17:30 a 20:30 horas. Sábados de 9 a 14 horas;Zona Wifi;Metro: Legazpi (lineas 3 y 6)   Bus: 6 , 8 , 18 , 19 , 45 , 47 , 59 , 62 , 76 , 78 , 85 , 86 , 148 , 247.;;1;http://www.madrid.es/sites/v/index.jsp?vgnextchannel=9e4c43db40317010VgnVCM100000dc0ca8c0RCRD&vgnextoid=ea86e1635561c010VgnVCM1000000b205a0aRCRD;MIGUEL ARREDONDO;CALLE;V;4;;;;;MADRID;MADRID;28045;CHOPERA;ARGANZUELA;441042;4472034;403.949.437.306.698;-36.960.129.848.486.100;91 490 47 53;;guillermodeosma@ryaresidencias.es;/contenido/entidadesYorganismos/Comercios/Mercados; 
12427;Mercado municipal de Guzmán el Bueno;El mercado de Guzmán el Bueno, inaugurado en 1951, presenta desde 2005 unas instalaciones e imagen totalmente renovadas. Cuenta con una planta baja de mercado tradicional, en la que se ubican puestos de alimentación y una planta primera, en la que se encuentra un moderno supermercado de Ahorramás. Dispone de ascensores para garantizar accesibilidad universal.;Invierno: de lunes a viernes de 9 a 20:30 horas. Sábado de 9 a 14 horas.   Verano: de lunes a viernes de 9 a 20:30 horas. Sábados de 9 a 14 horas.   Supermercado Ahorramas: de lunes a sábado de 9 a 21 horas;;Metro: Moncloa (línea 3, 6).  Bus: 1 , 2 , 16 , 41, 44, 46, 61, 82, 83, 132, 133, 202, C1, C2, G.;;1;http://www.madrid.es/sites/v/index.jsp?vgnextchannel=9e4c43db40317010VgnVCM100000dc0ca8c0RCRD&vgnextoid=87d6e1635561c010VgnVCM1000000b205a0aRCRD;ANDRES MELLADO;CALLE;V;43;;;;;MADRID;MADRID;28015;GAZTAMBIDE;CHAMBERI;439398;4476280;4.043.495.717.590.030;-37.145.114.819.530.300;915 434 102;;mguzmaneb@gmail.com;/contenido/entidadesYorganismos/Comercios/Mercados; 
4824028;Mercado municipal de Ibiza;"El mercado de Ibiza, inaugurado en 1954, cuenta desde 2010 con unas instalaciones totalmente renovadas, que ha permitido la remodelación integral de sus instalaciones y servicios. Ubicado a pocos metros del parque del Retiro, con acceso por el bulevar de la calle Ibiza y por la calle Lope de Rueda, se encuentra el mercado de Ibiza, un moderno equipamiento en el que se agrupan más de 30 locales comerciales distribuidos en dos plantas comerciales intercomunicadas; en la superior se ubican los puestos de mercado tradicional, todos ellos con el más moderno equipamiento, y en la inferior, un supermercado de Ahorramás, que complementa a la perfección la oferta alimentaria y de productos de gran consumo.";Invierno : de lunes a viernes de 9 a 14 y de 17 a 20 horas. Sábados de 9 a 14 horas.   Verano  (mayo a octubre, ambos inclusive): de lunes a viernes de 9 a 14 y de 17:30 a 20:30 horas. Sábados de 9 a 14 horas.   Supermercado Ahorramas:  de lunes a sábado de 9 a 21 horas.;;Metro: Ibiza (línea 9).  Bus: 15, 20, 26, 61, 63, 152, 202, 215, C.;;1;http://www.madrid.es/sites/v/index.jsp?vgnextchannel=9e4c43db40317010VgnVCM100000dc0ca8c0RCRD&vgnextoid=9c5f5f962d888110VgnVCM2000000c205a0aRCRD;IBIZA;CALLE;V;8;;;;;MADRID;MADRID;28009;IBIZA;RETIRO;442642;4474600;4.041.817.157.699.020;-3.677.392.762.224.420;"914 091 800";;mcdoibizaenmadrid@yahoo.es;/contenido/entidadesYorganismos/Comercios/Mercados; 
12431;Mercado municipal de Jesús del Gran Poder;Mercado construido en 1963 en el barrio de Almendrales (distrito de Usera), muy cercano al área comercial de Marcelo Usera. Dispone de medios de transporte públicos próximos (metro y autobuses). Integra una oferta comercial variada y completa, que busca satisfacer a todos los gustos y paladares, pues cuenta con una amplia representación de puestos de alimentación en fresco, entre los que destacan, entre otros, sus excelentes carnicerías, charcuterías, pescaderías, fruterías y pollerías, que ponen a disposición de sus clientes su gran selección de productos a lo largo de todo el año. La panadería, el herbolario, la tienda de variantes o el supermercado DIA complementan las posibilidades de compra..;Invierno: de lunes a viernes de 9 a 14 y de 17 a 20 horas. Sábados de 9 a 14:30 horas.  Verano: de lunes a viernes de 9 a 14 y de 17:30 a 20:30 horas. Sábados de 9 a 14:30 horas.  Supermercado DIA: de lunes a sábado de 9 a 14 y de 17:30 a 20:30 horas. Sábados de 9 a 14 y de 17  a 20 horas.;;Metro: Usera (línea 6), Almendrales (línea 3)  Bus: 6, 18, 22, 23, 47, 59, 76, 78, 79, 85, 86, 247;;0;http://www.madrid.es/sites/v/index.jsp?vgnextchannel=9e4c43db40317010VgnVCM100000dc0ca8c0RCRD&vgnextoid=2427e1635561c010VgnVCM1000000b205a0aRCRD;JESUS DEL GRAN PODER;CALLE;V;42;;;;;MADRID;MADRID;28026;ALMENDRALES;USERA;440603;4471089;4.038.639.943.136.540;-37.010.971.746.900.300;915 001 202;;;/contenido/entidadesYorganismos/Comercios/Mercados; 
12425;Mercado municipal de La Guindalera;Es un mercado de carácter muy tradicional, construido a mediados de la década de los 40 del siglo pasado, con disposición en una planta, y situado en pleno barrio de La Guindalera (distrito de Salamanca) en la misma plaza de San Cayetano, que también ejerce de aparcamiento subterráneo que da servicio al mercado. El mercado tiene una oferta muy variada y de gran calidad en alimentación en fresco (fruterías, carnicerías, pescaderías, charcuterías, pollería y panadería), complementada con establecimientos de ultramarinos y variantes. También nos podemos tomar un tiempo de descanso en su bar y hacer otras compras necesarias sin realizar incómodos desplazamientos, en su tienda de moda, en su relojería, o en su herbolario. Desde el año 2007 al 2011 se han acometido en el mercado diversas actuaciones dirigidas a la mejora de sus instalaciones;Invierno : de lunes a viernes de 9 a 14 y de 17 a 20 horas. Sábado de 9 a 14 horas.   Verano  (de junio a octubre, ambos inclusive): de lunes a viernes de 9 a 14 y de 17:30 a 20:30 horas. Sábado de 9 a 14 horas.;;Metro: Diego de León (lineas 4, 5, 6). Salida calle Eraso.  Bus: 1, 12, 26, 43, 56, 72, 73, 74, 48, C1, C2.;;0;http://www.madrid.es/sites/v/index.jsp?vgnextchannel=9e4c43db40317010VgnVCM100000dc0ca8c0RCRD&vgnextoid=31b6e1635561c010VgnVCM1000000b205a0aRCRD;ERASO;CALLE;V;14;;;;;MADRID;MADRID;28028;GUINDALERA;SALAMANCA;443083;4476157;4.043.410.047.219.340;-3.671.056.299.540.890;917 257 443;;mercadodelaguindalera@hotmail.com;/contenido/entidadesYorganismos/Comercios/Mercados; 
12451;Mercado municipal de Las Ventas;El actual mercado de Las Ventas, construido en 1995 para sustituir al antiguo Mercado de Canillas en el curso de la operación de remodelación urbanística del Puente de Ventas, está situado frente a la Plaza de Toros de las Ventas. Este mercado es todo un referente en la actividad comercial, económica y social del distrito de Ciudad Lineal y sus colindantes, a los que extiende su ámbito de influencia, tanto por la variedad de su oferta como por la gran selección de sus productos. El mercado tiene una reconocida fama por la excelente relación calidad-precio que ofrece al comprador, además de profesionalidad en el trato cotidiano con el cliente. Destaca de forma especial la extensa gama que presenta en los productos frescos de gran demanda, principalmente frutas, verduras, pescado y carnes. El mercado cuenta con parking, cajeros automáticos y una accesibilidad total a sus instalaciones. Cuenta con espacio disponible para la implantación de nuevas actividades.;El horario del Mercadp es:    Lunes a Viernes de 09:00 a 14:00h y de 17:00 a 20:00h (de 17:30 a 20:30h  del 1 de Junio al 15 de septiembre, ambos inclusive)  Sábados de 09:00 a 15:00h    El horario del Parking es:    Lunes a Viernes de 07:00 a 23:30h  Sábados de 09:00 a 22:00h  Domingos de 09:00 a 15:30h;;Metro: Carmen (línea 5) y Ventas (Linea 2)  Bus: 21, 38, 48, 106, 110, 146, 210.;Otras entradas por las calles: Ventas con vuelta a la calle Siena , Virgen del coro.;1;http://www.madrid.es/sites/v/index.jsp?vgnextchannel=9e4c43db40317010VgnVCM100000dc0ca8c0RCRD&vgnextoid=1a7b72081661c010VgnVCM1000000b205a0aRCRD;VIRGEN DE LA ALEGRIA;CALLE;V;10;;;;;MADRID;MADRID;28027;CONCEPCION;CIUDAD LINEAL;444282;4476082;4.043.351.496.197.300;-36.569.261.794.988.000;915 45 76 33;;info@mercadoventas.es;/contenido/entidadesYorganismos/Comercios/Mercados; 
12406;Mercado municipal de Los Mostenses;Situado, en la Plaza de los Mostenses, es uno de los mercados más veteranos de la ciudad de Madrid. Construido en el año 1946, su seña de identidad característica es la formidable mezcla de culturas, gastronomía y alimentos que representan los cinco continentes. Un paseo por sus pescaderías nos ofrece una lección de biología marina descubriendo especies que seguro vemos por vez primera. Entre sus 89 establecimientos también están presentes comercios destinados al equipamiento del hogar y diversos servicios comunes a todos los mercados, aunque sea el exotismo su rasgo característico.;Invierno: de lunes a viernes de 9 a 14 y de 17 a 20 horas. Sábados de 9 a 14 horas.  Verano (del 15 de junio al 15 de septiembre): de lunes a jueves de 9 a 14 y de 17:30 a 20 horas. Viernes de 9 a 14 y de 17:30 a 20:30 horas. Sábados de 9 a 14 horas.;;Metro: Noviciado (línea 2), Plaza de España (línea 3, 10).  Bus: 1, 2, 44, 46, 74, 75, 133, 138, 148, 202, C.;;0;http://www.madrid.es/sites/v/index.jsp?vgnextchannel=9e4c43db40317010VgnVCM100000dc0ca8c0RCRD&vgnextoid=531c72081661c010VgnVCM1000000b205a0aRCRD;MOSTENSES;PLAZA;V;1;;;;;MADRID;MADRID;28015;UNIVERSIDAD;CENTRO;439862;4474976;40.423.243.776.104;-37.089.296.405.152.100;915 425 838;;gerencia@mercadolosmostenses.es;/contenido/entidadesYorganismos/Comercios/Mercados; 
12402;Mercado municipal de Maravillas;"Situado en el distrito de Tetuán, el mercado de Maravillas es una referencia por su dimensión y dinamismo. Desde su inauguración en 1942 es sin duda el mercado de mayores dimensiones de Madrid y uno de los más grandes de Europa. El mercado cuenta con alrededor de 210 locales comerciales que ofrecen una amplísima gama de productos; desde los más frescos, servidos directamente de los productores; a los elaborados de alta gama, con la mejor presentación y calidad.   Visitar el mercado supone entrar en un gran zoco que destaca por su animada actividad y dimensión. Destacan como elementos originales en su estructura, la cubierta en forma de dientes de sierra, que permite a través de grandes ventanales la entrada de luz cenital natural al mercado, y la fachada de la entrada principal diseñada por el arquitecto D. Pedro de Muguruza. El edificio del mercado Maravillas está catalogado, con un nivel de protección 3.   El mercado cuenta con numerosos servicios que facilitan la compra al consumidor: cuenta con dos parkings con capacidad para más de 350 vehículos, accesos por cuatro calles (Bravo Murillo, Hernani, Palencia y por la plaza Condesa de Gavia), ascensores, rampas de servicio, cajero automático, calefacción y aire acondicionado, así como un trato profesional y personalizado por parte de sus comerciantes. Destaca el cuidado por desarrollar proyectos ecosostenibles: parte de la energía eléctrica del mercado proviene de acumuladores de placas solares situados en su tejado.";Invierno:  de lunes a viernes de 9 a 14 y de 17 a 20 horas. Sábado de 9 a 15 horas.   Verano  (de junio a octubre, ambos inclusive): de lunes a viernes de 9 a 14 y de 17:30 a 20:30 horas. Sábados de 9 a 15 horas.;;Metro: Cuatro Caminos (lineas 1, 2 y 6) , Alvarado (línea 1)  Bus: 3, 45, 64, 66, 124, 128, 149, C2, F;;1;http://www.madrid.es/sites/v/index.jsp?vgnextchannel=9e4c43db40317010VgnVCM100000dc0ca8c0RCRD&vgnextoid=b3e7e1635561c010VgnVCM1000000b205a0aRCRD;BRAVO MURILLO;CALLE;V;122;;;;;MADRID;MADRID;28020;CUATRO CAMINOS;TETUAN;440457;4478046;40.449.060.922.663.600;-37.034.696.566.148.400;915 334 030 ;;administracion@mercadomaravillas.com;/contenido/entidadesYorganismos/Comercios/Mercados; 
12436;Mercado municipal de Moratalaz;Construido en 1971 en la calle Cañada, perteneciente al distrito de Moratalaz.  Durante los años 2010 y 2011, se acometió una profunda reforma de las instalaciones y los equipamientos del mercado. En la actualidad acoge unos 60 locales comerciales, entre los que se incluye una mediana superficie de alimentación de LIDL, que reúnen una completa gama de productos y servicios de calidad. El centro cuenta con dos plantas y un amplio parking para clientes y ofrece una gran variedad en alimentos de consumo tradicional y en productos gastronómicos de selección.  Dispone de aparcamiento exterior.;Invierno:  de lunes a viernes de 9 a 14 y de 17 a 20 horas.  Sábados de 9 a 14 horas.     Verano:  de lunes a viernes de 9 a 14 y de 17:30 a 20:30 horas.  Sábados de 9 a 14 horas.     Supermercado LIDL  de lunes a sábado de 9 a 21 horas.;;Metro: Artilleros (línea 9)  Bus: 20, 30, 32, 71, 100;;1;http://www.madrid.es/sites/v/index.jsp?vgnextchannel=9e4c43db40317010VgnVCM100000dc0ca8c0RCRD&vgnextoid=603872081661c010VgnVCM1000000b205a0aRCRD;CAÑADA;CALLE;V;17;;;;;MADRID;MADRID;28030;VINATEROS;MORATALAZ;445342;4473110;4.040.493.085.829.730;-3.645.440.746.968.980;914 394 479;;mdomoratalaz@gmail.com;/contenido/entidadesYorganismos/Comercios/Mercados; 
12435;Mercado municipal de Numancia;Remodelado totalmente en 2003, el mercado de Numancia, es referente de compra para los vecinos de Puente de Vallecas desde su inauguración en 1985, cuenta con dos plantas comerciales, comunicadas entre si mediante ascensores y aparcamiento que aseguran accesibilidad universal. En la planta inferior se ubican los puestos de mercado tradicional, con una marcada especialización en alimentación fresca. La planta superior está ocupada por un bazar, El Millón del Hogar. Además, el mercado cuenta con diversos locales de hostelería, comercio no alimentario y servicios diversos;Invierno: de lunes a viernes de 9 a 14 y de 17 a 20 horas. Sábados de 9 a 14 horas.  Verano (mayo a septiembre, ambos inclusive): de lunes a viernes de 9 a 14 y de 17:30 a 20:30 horas. Sábados de 9 a 14 horas.;;Metro: Portazgo y Buenos Aires (línea 1).  Bus: 10, 54, 57, 58, 103, 136, 143.;;1;http://www.madrid.es/sites/v/index.jsp?vgnextchannel=9e4c43db40317010VgnVCM100000dc0ca8c0RCRD&vgnextoid=b65872081661c010VgnVCM1000000b205a0aRCRD;JOSEFA DIAZ;CALLE;V;4;;;;;MADRID;MADRID;28038;NUMANCIA;PUENTE DE VALLECAS;444268;4471837;40.393.391.586.979.900;-36.579.853.920.414.500;914 777 143;;mercado.numancia@yahoo.es;/contenido/entidadesYorganismos/Comercios/Mercados; 
12394;Mercado municipal de Pacífico;En el distrito del Retiro, muy próximo a la avenida Ciudad de Barcelona, se encuentra, desde el año 1959 en que fue inaugurado, el Mercado de Pacífico. En el año 2014, se realizaron en este mercado importantes obras de mejora de las instalaciones Después de la ejecución de estas obras, el mercado de Pacífico ha incorporado un establecimiento en formato supermercado (Ahorramás) en la planta alta, mientras que en la planta baja se han concentrado todos los establecimientos en formato tradicional. Asimismo se han eliminado las barreras arquitectónicas que dificultaban los accesos al mercado, con la instalación de dos amplios ascensores para los clientes y se han mejorado y renovado todas las instalaciones en zonas comunes (sistema de protección contra incendios, nuevos aseos accesibles para visitantes, rehabilitación de cubierta, sistema de climatización, etc.).;Invierno: de lunes a viernes de 9 a 14:15 y de 17 a 20:15 horas. Sábado de 9 a 14:15 horas.  Verano: de lunes a viernes de 9 a 14:15 y de 17:30 a 20:30 horas. Sábados de 9 a 14:15 horas.;;Metro: Pacífico (linea 1, 6), Menéndez Pelayo (línea 1)  Bus: 10, 24, 32, 37, 54, 56, 57, 63, 141, 152 y 156.;;1;http://www.madrid.es/sites/v/index.jsp?vgnextchannel=9e4c43db40317010VgnVCM100000dc0ca8c0RCRD&vgnextoid=a9c872081661c010VgnVCM1000000b205a0aRCRD;VALDERRIBAS;CALLE;V;30;;;;;MADRID;MADRID;28007;PACIFICO;RETIRO;442786;4473062;4.040.433.546.207.180;-36.755.452.423.143.400;"915 517 276";;merpaciadmon@hotmail.com;/contenido/entidadesYorganismos/Comercios/Mercados; 
12412;Mercado municipal de Prosperidad;El mercado de Prosperidad, inaugurado en el año 1954 y ubicado en el número 81 de la calle López de Hoyos, uno de los principales ejes comerciales del distrito de Chamartín, reabre sus puertas al público tras las obras de remodelación que lo han convertido en un mercado, accesible, adaptado a las nuevas demandas de los consumidores y atractivo para los vecinos .  En la planta baja del mercado se ubican un total de 31 locales comerciales, entre los que se encuentran los puestos tradicionales de mercado como son carnicería y derivados, frutería y verdulería, pescadería, aves, charcutería, a los que se suman puestos destinados a otras actividades como la de floristería, arreglos  de costura, panadería, etc.   Así mismo se ha dotado al mercado de una nueva zona de degustación como punto de encuentro de los vecinos.Por su parte, en la planta primera se ha instalado una mediana superficie de la cadena 'Ahorramás', como atractivo comercial.  El mercado continúa contando con diversas tiendas exteriores con acceso por la calle López de Hoyos y por la emblemática plaza de Prosperidad, principal punto de reunión los vecinos del barrio y nudo fundamental de comunicación mediante transporte público.';Invierno   De lunes a viernes de 9 a 14 y de 17 a 20:30 horas.  Sábados de 9 a 14:30 horas.   Verano:   De lunes a viernes de 9 a 14 y de 17:30 a 20:30 horas.  Sábados de 9 a 14:30 horas.;;Metro: Prosperidad (línea 4).  Bus: 1, 9, 29, 52, 73.;;1;http://www.madrid.es/sites/v/index.jsp?vgnextchannel=9e4c43db40317010VgnVCM100000dc0ca8c0RCRD&vgnextoid=ffe872081661c010VgnVCM1000000b205a0aRCRD;LOPEZ DE HOYOS;CALLE;V;81;;;;;MADRID;MADRID;28002;CIUDAD JARDIN;CHAMARTIN;442942;4477505;404.443.619.472.988;-3.674.118.079.721.270;914 139 897;;mercadoprosperidad@gmail.com;/contenido/entidadesYorganismos/Comercios/Mercados; 
12434;Mercado municipal de Puente de Vallecas;"El primitivo mercado de Puente de Vallecas fue inaugurado en el año 1950. Muy cercano al eje comercial de Avenida de la Albufera y anexo al eje de la Avenida del Monte Igueldo, está localizado en el barrio de San Diego, en un edificio de una sola planta comercial, aunque en dos alturas, obligadas por la pendiente de la calle Martínez de la Riva. La imagen de este mercado, con reminiscencias clasicistas, se caracteriza por sus tres entradas almohadilladas de granito gris rematadas en un frontón y dos pequeñas esferas adornando el conjunto. Entre los años 2006 y 2007 se llevó a cabo una rehabilitación integral del mercado, que, unida a su reestructuración comercial, a la incorporación de un supermercado de Mercadona y a la habilitación de plazas de aparcamiento para los clientes en el sótano, ha proporcionado su imagen actual. Se trata de un mercado con una oferta comercial muy completa en productos de alimentación &ldquo;en fresco&rdquo; (varias carnicerías, pescaderías, fruterías, pollerías), variantes, charcuterías, quesos o herbolario, además del supermercado. También podemos encontrar otros establecimientos complementarios como bares, tintorería, cristalería, zapatero, lencería, parafarmacia, recreativos e inmobiliaria.";Invierno: de lunes a viernes de 9 a 14 y de 17 a 20:30 horas. Sábados de 9 a 14 horas.  Verano: de lunes a viernes de 9:15 a 14 y de 17:30 a 20:30 horas. Sábados de 9 a 14 horas.  Supermercado Mercadona: de lunes a sábado de 9:15 a 21:15 horas.;;Metro: Puente Vallecas y Nueva Numancia (línea 1)  Bus: 10, 24, 54, 57, 58, 111, 113, 136, 148, 310, 410;;1;http://www.madrid.es/sites/v/index.jsp?vgnextchannel=9e4c43db40317010VgnVCM100000dc0ca8c0RCRD&vgnextoid=461972081661c010VgnVCM1000000b205a0aRCRD;MARTINEZ DE LA RIVA;CALLE;V;4;;;;;MADRID;MADRID;28053;SAN DIEGO;PUENTE DE VALLECAS;443441;4472049;4.039.524.554.761.870;-3.667.748.162.837.300;913 681 936;;ccpuentevallecas@hotmail.com;/contenido/entidadesYorganismos/Comercios/Mercados; 
12428;Mercado municipal de Puerta Bonita;El actual mercado de Puerta Bonita está integrado en el edificio multiusos Palacio de Vista Alegre, en el emplazamiento de la antigua Plaza de Toros de Vista Alegre, consta de tres plantas comerciales y dispone de aparcamiento. Inaugurado en el año 2008, sustituye al antiguo mercado de Puerta Bonita, que estaba situado a unas manzanas de la actual ubicación. Su estética moderna y luminosa, la distribución de los espacios comerciales y de servicios, la disponibilidad de medios de transporte público y plazas de aparcamiento para transporte privado, y su oferta de productos de calidad y variada, generan uno de los conjuntos más atractivos a la hora de realizar nuestra compra habitual.;De lunes a sábados de 10 a 22 horas. Primer domingo de mes de diciembre de 10 a 15 horas.;;Metro: Oporto (lineas 5 y 6), Vista Alegre (línea 5).  Bus: 55, 119.;;1;http://www.madrid.es/sites/v/index.jsp?vgnextchannel=9e4c43db40317010VgnVCM100000dc0ca8c0RCRD&vgnextoid=9c3972081661c010VgnVCM1000000b205a0aRCRD;MATILDE HERNANDEZ;CALLE;V;100;;;;;MADRID;MADRID;28025;VISTA ALEGRE;CARABANCHEL;437461;4471078;40.386.069.987.981.800;-37.381.115.427.324.500;914 629 811;;admon@ccpuertabonita.com;/contenido/entidadesYorganismos/Comercios/Mercados; 
12417;Mercado municipal de San Antón;En pleno barrio de Justicia, junto a la plaza de Chueca, a medio camino entre la Gran Vía, la calle Fuencarral y el paseo de Recoletos, este mercado de reciente construcción sustituye en el mismo emplazamiento a otro edificio de mediados de la década de los 40 del siglo pasado. El edificio está dividido en tres plantas principales y completa su oferta con un pequeño supermercado Supercor y dos sótanos de aparcamiento que permitirán hacer la compra de forma más cómoda y dinámica. La primera planta está dedicada a la venta de producto perecedero y está dividida en 12 puestos de mercado tradicional. La segunda permite la degustación en sus 11 puestos y además, actividad cultural, ya que disfruta de un gran espacio multifuncional. En la tercera planta se ubica el restaurante y la gran terraza del mercado, con vistas de altura al barrio de Chueca.;"Planta baja (supermercado): de lunes a sábado de 10 a 22 horas, pudiendo abrir los domingos autorizados por la autoridad competente.  Planta 1&ordf; (área de Mercado): de lunes a sábado de 10 a 22 horas.  Planta 2&ordf; (área de tapeo y comida rápida): de lunes a domingo de 10 a 24 horas.   Planta 3&ordf; (área de restauración): domingo a jueves de 10 a 24 h.                                                      viernes y sábado de 10 a 1:30 h. de la madrugada";Zona Wifi;Metro: Chueca (línea 5), Banco de España (línea 2), Gran Vía (línea 1 y 5).  Bus: 1, 2, 3, 40, 46, 74, 146, 149, 202.;;1;http://www.madrid.es/sites/v/index.jsp?vgnextchannel=9e4c43db40317010VgnVCM100000dc0ca8c0RCRD&vgnextoid=e26972081661c010VgnVCM1000000b205a0aRCRD;AUGUSTO FIGUEROA;CALLE;V;24;;;;;MADRID;MADRID;28004;JUSTICIA;CENTRO;440934;4475043;40.422.042.629.795.200;-3.697.565.301.846.020;913 300 730;;info@mercadosananton.com;/contenido/entidadesYorganismos/Comercios/Mercados; 
12450;Mercado municipal de San Cristóbal;Ubicado junto al Paseo de la Castellana, al otro lado de las cuatro Torres y en las inmediaciones de la zona residencial de Mauricio Legendre, el mercado de San Cristóbal inaugurado en 1974, cuenta son diversos locales especializados en alimentación (carnicería, charcutería, pescadería, frutería y panadería), un bar-bodega, y una peluquería. En la actualidad cuenta con espacio comercial disponible para la implantación de diversas actividades;Invierno: de lunes a viernes de 9 a 14 y de 17 a 20 horas. Sábado de 8 a 14:30 horas.  Verano (junio a septiembre, ambos inclusive): de lunes a viernes de 8:30 a 14 y de 17:30 a 20:30 horas. Sábado de 8:30 a 14 horas.;;Metro: Begoña (línea 10).  Bus: 66, 67, 124, 134, 135, 173, 174, 176, 178, 229, C.;;1;http://www.madrid.es/sites/v/index.jsp?vgnextchannel=9e4c43db40317010VgnVCM100000dc0ca8c0RCRD&vgnextoid=398972081661c010VgnVCM1000000b205a0aRCRD;CONDE DE TORRALBA;CALLE;V;11;;;;;MADRID;MADRID;28046;CASTILLA;CHAMARTIN;442053;4481294;4.047.843.331.496.170;-36.849.469.591.835.400;913 159 903;;mercadosancristobal@gmail.com;/contenido/entidadesYorganismos/Comercios/Mercados; 
12420;Mercado municipal de San Enrique;Muy próximo a la calle Bravo Murillo, principal eje comercial del distrito de Tetuán, encontramos el mercado de San Enrique, al que se puede acceder por las calles Lérida, San Enrique y Asunción Castell. Este mercado, inaugurado en 1965, presenta desde 2008 una nueva imagen exterior y unas instalaciones totalmente renovadas. Cuenta con una planta de mercado tradicional, en la que se ubican 40 establecimientos de las diferentes especialidades, con un marcado predominio de oferta alimentaria, un moderno supermercado de Mercadona, y tiendas exteriores. Dispone además de aparcamiento para clientes.;Invierno: de lunes a viernes de 9 a 20 horas. Sábados de 9 a 15 horas.  Verano: de lunes a viernes de 9 a 20:30 horas. Sábados de 9 a 15 horas.  Supermercado Mercadona: de lunes a sábado de 9:15 a 21:15 horas;;Metro: Estrecho (línea 1)  Bus: 3, 64, 66, 124, 126, 128;;1;http://www.madrid.es/sites/v/index.jsp?vgnextchannel=9e4c43db40317010VgnVCM100000dc0ca8c0RCRD&vgnextoid=8fa972081661c010VgnVCM1000000b205a0aRCRD;SAN ENRIQUE;CALLE;V;16;;;;;MADRID;MADRID;28020;CUATRO CAMINOS;TETUAN;440716;4478818;40.456.033.970.000.700;-37.004.877.796.909.500;915 720 467;;utemercado.sanenrique@yahoo.es;/contenido/entidadesYorganismos/Comercios/Mercados; 
12416;Mercado municipal de San Fernando (Embajadores);Situado en uno de los espacios urbanos más característicos de Madrid, a pocos pasos de las Antiguas Escuelas Pías, hoy sede la UNED, la Corrala de Sombrete y el Parque Casino de la Reina se encuentra, desde 1944, el Mercado de San Fernando, uno de los cinco mercados del distrito Centro de Madrid. En este mercado puedes llenar tu cesta diaria de alimentos con los que llevar una dieta sana y variada y disfrutar en sus puestos degustando su variada oferta gastronómica.;Lunes de 9 a 14:15 y de 17 a 20 horas.   Martes a viernes de 9 a 21 horas.   Sábado de 9 a 17 horas.  Domingo: de 11 a 17 horas, solo ocio y restauración.;;Metro: Embajadores (línea 3) , Lavapies (línea 3)  Bus: 27, 34 , 36, 41, 60, 78, 116, 119, 148 , C1, M1.  Renfe: Embajadores.;;1;http://www.madrid.es/sites/v/index.jsp?vgnextchannel=9e4c43db40317010VgnVCM100000dc0ca8c0RCRD&vgnextoid=9466e1635561c010VgnVCM1000000b205a0aRCRD;EMBAJADORES;CALLE;V;41;;;;;MADRID;MADRID;28012;EMBAJADORES;CENTRO;440383;4473444;40.407.598.710.636.000;-37.039.098.865.773.900;915 272 512 ;;gerencia@mercadosanfernando.es;/contenido/entidadesYorganismos/Comercios/Mercados; 
12396;Mercado municipal de San Isidro;El mercado de San Isidro, recibe su nombre del patrón de Madrid por encontrarse vecino a la Pradera de San Isidro, castizo lugar destino de la popular romería que se organiza el día de la fiesta mayor de la capital. En 1952 se construyó el mercado próximo a la calle General Ricardos. En 2011 el mercado acometió una profunda remodelación integral de sus espacios y equipamientos, dando lugar a unas instalaciones más modernas y adecuadas a las nuevas demandas del barrio. En este mercado, operan 47 locales comerciales distribuidos en una sola planta comercial, a los que se añade una mediana superficie de alimentación, Supermercados Hiber. La oferta que presenta comprende todo tipo de productos frescos (carnes, frutas, hortalizas, pescados) congelados y otros servicios complementarios y especializados.;Invierno: de lunes a viernes de 9 a 14 y de 17 a 20 horas. Sábados de 9 a 14 horas.  Verano: de lunes a viernes de 9 a 14 y de 17:30 a 20:30 horas. Sábados de 9 a 14 horas.  Supermercado Carrefour: de lunes a sábado de 9 a 22 horas. Festivos de 10 a 15 horas.;;Metro: Urgel (línea 5)  Bus: 34, 35, 118, 119;;1;http://www.madrid.es/sites/v/index.jsp?vgnextchannel=9e4c43db40317010VgnVCM100000dc0ca8c0RCRD&vgnextoid=d5d972081661c010VgnVCM1000000b205a0aRCRD;SAN PATRICIO;CALLE;V;1;;;;;MADRID;MADRID;28019;OPAÑEL;CARABANCHEL;438557;4471701;40.391.763.962.998.700;-37.252.599.945.910.000;914 715 309;;mercado.sanisidro@gmail.com;/contenido/entidadesYorganismos/Comercios/Mercados; 
12410;Mercado municipal de San Pascual;"Este mercado, inaugurado en 1965, está situado en el barrio de San Pascual anexo al barrio de La Concepción, ambas áreas residenciales en el distrito de Ciudad Lineal. Durante el año 2014 este mercado ha sido remodelado de forma integral, incorporándose un establecimiento en formato supermercado en la planta primera (marca Ahorramás), complementando de este modo la oferta de los puestos tradicionales del mercado, situados en la planta baja. Se ha realizado la renovación de los sistemas del edificio y la instalación de ascensores de comunicación entre las plantas, se han señalizado accesos y puestos para facilitar las compras de personas con dificultades visuales. Los grandes profesionales de este mercado nos ofrecen una atención personalizada en sus puestos de alimentación &ldquo;en fresco&rdquo; entre los que destacan sus carnicerías, pescaderías, fruterías, pollerías o casquería, que se ven complementados con los más variados establecimientos: desde una tienda de arreglos de ropa, pasando por puestos de ultramarinos, puestos de frutos secos, bares y panaderías. Es muy interesante, además, la mezcla comercial que se da en las tiendas de tres de las cuatro fachadas del mercado (calles Esteban Mora, Virgen de África y Virgen del Val), ahorrándonos tiempo en las compras porque así lo tenemos todo a mano: bares, droguería, farmacia, joyerías y regalos, y moda de niños";Invierno   De lunes a viernes de 9 a 14 y de 17 a 20 horas   Sábados de 9 a 14 horas    Verano   De lunes a viernes de 9 a 14 y de 17:30 a 20:30 horas   Sábados de 9 a 14 horas;;Metro: Barrio de la Concepción (línea 7)  Bus: 21, 48, 146;;1;http://www.madrid.es/sites/v/index.jsp?vgnextchannel=9e4c43db40317010VgnVCM100000dc0ca8c0RCRD&vgnextoid=412a72081661c010VgnVCM1000000b205a0aRCRD;VIRGEN DEL VAL;CALLE;V;9;;;;;MADRID;MADRID;28027;SAN PASCUAL;CIUDAD LINEAL;444671;4476814;4.043.826.322.016.390;-36.536.591.990.125.400;910 51 17 26;;mdo.sanpascual@gmail.com;/contenido/entidadesYorganismos/Comercios/Mercados; 
12399;Mercado municipal de Santa María de la Cabeza;Tras una fachada que recuerda el estilo art-decó se encuentra un moderno mercado que ha integrado perfectamente los puestos tradicionales de venta y la mediana superficie (Mercadona).  Cuenta con más de 80 establecimientos repartidos en dos plantas. En la superior comparten espacio con Mercadona, establecimientos dedicados a la venta de frutas, verduras y la tradicional mercería que no falta en los mercados municipales. La planta baja está ocupada por carnicerías, pescaderías, jamonerías, lácteos, etc., además de una variada oferta de comercio no alimentario;Invierno   De lunes a viernes de 9 a 14 y de 17 a 20 horas  Sábado de 9 a 14 horas   Verano (de mayo a octubre, ambos inclusive)   De lunes a viernes de 9 a 14 y de 17:30 a 20:30 horas  Sábado de 9 a 14 horas;;Metro: Palos de la Frontera (línea 3).  Bus: 6, 8, 19, 27, 45, 47, 55, 59, 60, 78, 85, 86, 148, 247.;;1;http://www.madrid.es/sites/v/index.jsp?vgnextchannel=9e4c43db40317010VgnVCM100000dc0ca8c0RCRD&vgnextoid=ed6a72081661c010VgnVCM1000000b205a0aRCRD;SANTA MARIA DE LA CABEZA;PASEO;V;41;;;;;MADRID;MADRID;28045;PALOS DE MOGUER;ARGANZUELA;440941;4472920;4.040.291.810.276.810;-36.972.853.519.882.400;915 288 015;;gerencia@mercadosantamariadelacabeza.com;/contenido/entidadesYorganismos/Comercios/Mercados; 
12441;Mercado municipal de Tetuán;En obras.   El Mercado de Tetuán se inauguró en 1952. Actualmente cuenta con más de 70 locales comerciales que ofrecen una atención personalizada al cliente a partir de un amplio surtido de productos frescos de alta calidad y a buen precio. El mercado cuenta con dos plantas en las que se distribuyen multitud de comercios de alimentación, carnicerías, charcuterías, fruterías, pescaderías, pollerías y otros establecimientos especializados en una gran gama de productos que colmarán cualquier necesidad del momento. Entre otros servicios de utilidad, se facilita al cliente una hora de parking gratis. Si por algo destaca este mercado es por su capacidad para mantener el espíritu auténtico y tradicional que caracteriza el comercio de barrio gracias al trato familiar y cercano que se proporciona al comprador y la confianza que merecen sus productos;Invierno: de lunes a viernes de 9 a 14 y de 17 a 20 horas. Sábado de 9 a 14 horas.  Verano: de lunes a viernes de 9 a 14 y de 17:30 a 20:30 horas. Sábado de 9 a 14 horas.;;Metro: Tetuan (línea 1)  Bus: 66, 124;;0;http://www.madrid.es/sites/v/index.jsp?vgnextchannel=9e4c43db40317010VgnVCM100000dc0ca8c0RCRD&vgnextoid=349a72081661c010VgnVCM1000000b205a0aRCRD;MARQUES DE VIANA;CALLE;V;4;;;;;MADRID;MADRID;28039;VALDEACEDERAS;TETUAN;440752;4479160;404.609.899.402.179;-36.988.290.271.823.700;915 794 671;;;/contenido/entidadesYorganismos/Comercios/Mercados; 
12404;Mercado municipal de Tirso de Molina;Inaugurado en 1932, el mercado de Tirso de Molina se encuentra en el distrito de Latina, en el barrio Puerta del Ángel, próximo a Madrid Río. El complejo reúne a 27 locales comerciales distribuidos en una sola planta que están especializados en productos de compra diaria y al corte. Establecimientos como carnicerías, pescaderías, fruterías, charcuterías, pollerías, ofrecen al visitante una extensa y cuidada selección de alimentos de calidad a precios interesantes. El edificio conserva características únicas que identifican su rica personalidad. Su recorrido permite disfrutar del encanto propio de los antiguos mercados de abastos, el valor de su original arquitectura en la que destacan las fachadas en ladrillo visto, o la singular presencia en su estructura de restos de impactos de obuses de la Guerra Civil. En el mercado se han acometido en 2006 y 2009, diversas actuaciones que han permitido mejorar la accesibilidad de sus instalaciones, los equipamientos generales, y mantiene el tradicional servicio que presta a diario a sus clientes.;Invierno: de lunes a viernes de 9 a 14 y de 17 a 20 horas. Sábados de 9 a 14 horas.  Verano (de mayo a septiembre, ambos inclusive): de lunes a viernes de 9 a 14 y de 17:30 a 20:30 horas. Sábados de 9 a 14 horas.;;Metro: Puerta del Angel (línea 6).  Bus: 25, 31, 33, 36, 39, 65, 138.;;1;http://www.madrid.es/sites/v/index.jsp?vgnextchannel=9e4c43db40317010VgnVCM100000dc0ca8c0RCRD&vgnextoid=8aba72081661c010VgnVCM1000000b205a0aRCRD;DOÑA URRACA;CALLE;V;15;;;;;MADRID;MADRID;28011;PUERTA DEL ANGEL;LATINA;438509;4474054;4.041.295.729.782.620;-37.260.532.291.020.600;914 645 235;;;/contenido/entidadesYorganismos/Comercios/Mercados; 
12408;Mercado municipal de Usera;"El Mercado de Usera, localizado en el barrio de Moscardó, toma el nombre del distrito al que pertenece. Inaugurado en 1959, ha sido remodelado entre los años 2006 y 2009. En sus dos plantas comerciales, en las que se agrupan 59 locales de pequeño comercio (Pescaderías, carnicerías, fruterías, verdulerías, casquerías&hellip;), entre puestos interiores y tiendas exteriores, y una mediana superficie de alimentación (Asia Union Food&rsquo;S Imp. &amp; Exp), ofrece a sus clientes todo tipo de productos de alimentación y artículos de consumo. El centro constituye una referencia singular dentro del conjunto que identifica el comercio tradicional del barrio y sigue manteniendo el gusto por el trato directo y profesional con el cliente que se transmite de generación en generación. Cuenta con aparcamiento exterior para clientes.";Invierno: de lunes a viernes de 9 a 14 y de 17 a 20 horas. Sábados de 9 a 14 horas.  Verano (de abril a octubre, ambos inclusive): de lunes a viernes de 9 a 14 y de 17:30 a 20:30 horas. Sábados de 9 a 14 horas.;Zona Wifi;Metro: Usera (línea 6)  Bus: 6, 47, 78, 247;;0;http://www.madrid.es/sites/v/index.jsp?vgnextchannel=9e4c43db40317010VgnVCM100000dc0ca8c0RCRD&vgnextoid=270b72081661c010VgnVCM1000000b205a0aRCRD;AMPARO USERA;CALLE;V;46;;;;;MADRID;MADRID;28026;MOSCARDO;USERA;440166;4471170;4.038.709.779.232.290;-3.706.253.056.063.660;915 005 099;;ccmercadousera@outlook.com;/contenido/entidadesYorganismos/Comercios/Mercados; 
12443;Mercado municipal de Valdezarza;"El mercado de Valdezarza, inaugurado en 1988, fue concebido como lo que en su día se denominó &ldquo;centro comercial de barrio&rdquo;, con una imagen diferente de la de los mercados tradicionales de la ciudad. El conjunto está compuesto dos edificaciones; en la primera de ellas, se agrupan en una zona porticada, varios locales exteriores especializados en comercio no alimentario; y, en la otra, se ubica un moderno supermercado";De lunes a sábado de 9 a 21 horas;;Metro: Antonio Machado, Valdezarza (línea 7).  Bus: 42, 126, 127, 132.;;0;http://www.madrid.es/sites/v/index.jsp?vgnextchannel=9e4c43db40317010VgnVCM100000dc0ca8c0RCRD&vgnextoid=7d2b72081661c010VgnVCM1000000b205a0aRCRD;ANTONIO MACHADO;CALLE;V;20;;;;;MADRID;MADRID;28035;VALDEZARZA;MONCLOA-ARAVACA;438998;4479816;4.046.677.250.917.080;-37.195.786.099.544.000;913 737 044 ;;;/contenido/entidadesYorganismos/Comercios/Mercados; 
12403;Mercado municipal de Vallehermoso;El mercado municipal de Vallehermoso fue construido en 1930 y su estructura arquitectónica supuso una novedad con respecto a otros centros comerciales de la época. Su fachada, colorida y castiza, no permite que pase desapercibido, y aparece, rotundo, en la esquina entre Vallehermoso y Fernando el Católico, subrayando el protagonismo que el mercado tuvo y aún retiene. Mantiene una excelente oferta de alimentos frescos de calidad a precios muy interesantes, que comprenden carnicerías, pescaderías, fruterías, mantequerías tradicionales, pollerías y panaderías, haciendo del mercado un referente para la compra cotidiana además de punto de reunión de los vecinos del barrio. Recientemente ha incorporado una variada oferta gastronómica y de comida para llevar, además de interesantes actividades de ocio y animación.;Lunes a sábado de 9 a 23:30 horas.  Domingo de 11 a 16:30 horas.;;Metro: Quevedo  (línea 2) y Canal (lineas 2 y 7)  Bus: 2, 12, 16, 37, 61, 149, 202;;0;http://www.madrid.es/sites/v/index.jsp?vgnextchannel=9e4c43db40317010VgnVCM100000dc0ca8c0RCRD&vgnextoid=c35b72081661c010VgnVCM1000000b205a0aRCRD;VALLEHERMOSO;CALLE;V;36;;;;;MADRID;MADRID;28015;ARAPILES;CHAMBERI;439904;4476186;4.043.413.801.893.940;-37.085.488.662.890.900;914 475 467;;director@mercadovallehermoso.org;/contenido/entidadesYorganismos/Comercios/Mercados; 
12409;Mercado municipal de Vicálvaro;"Inaugurado en 1987, el mercado de Vicálvaro fue concebido como lo que en su día se denomino &ldquo;centro comercial de barrio&rdquo;, con una imagen diferente de la de los mercados tradicionales de la ciudad. En el periodo 2003 a 2011 ha sido objeto de diversas actuaciones, principalmente encaminadas a la supresión de barreras arquitectónicas, a la mejora de la eficiencia energética y la modernización de sus instalaciones. Cuenta con un supermercado de Ahorramás y 22 locales de pequeño comercio no alimentario, especializados en moda y complementos, equipamiento del hogar, servicios de belleza, ocio, restauración y servicios diversos. Dispone de aparcamiento subterráneo, zona infantil y terraza.";De lunes a sábados de 8:30 a 21 horas.;Zona Wifi;Metro: Vicálvaro (línea 9);;1;http://www.madrid.es/sites/v/index.jsp?vgnextchannel=9e4c43db40317010VgnVCM100000dc0ca8c0RCRD&vgnextoid=672d6fdb2541f010VgnVCM1000000b205a0aRCRD;SAN CIPRIANO;CALLE;V;11;;;;;MADRID;MADRID;28032;CASCO H.VICALVARO;VICALVARO;448476;4473025;4.040.436.544.950.600;-3.608.489.919.785.470;913 199 252;;centrocomercialvicalvaro@gmail.com;/contenido/entidadesYorganismos/Comercios/Mercados; 
12438;Mercado municipal de Villa de Vallecas;"El mercado de Villa de Vallecas, inaugurado en octubre de 1972, se encuentra situado en la calle Sierra Vieja, 67, muy próximo al Paseo de Federico García Lorca, principal eje comercial del distrito de Villa de Vallecas y a la estación de Metro &ldquo;Villa de Vallecas.  En 2011 se han acometido importantes obras de adecuación y modernización de sus instalaciones, supresión barreras arquitectónicas, y mejora de la eficiencia energética. En los establecimientos especializados ubicados en sus puestos interiores y tiendas exteriores se puede encontrar una variada y completa oferta de productos de alimentación (carnes, pescados, embutidos, quesos, pescados y mariscos, frutas y verduras, aves, huevos y caza, pan y productos de repostería, aceites, conservas &hellip;) que se complementa con la de diversos productos para equipamiento de la persona y del hogar.";Invierno   De lunes a jueves de 9 a 14 y de 17 a 20 horas  Viernes de 9 a 14:30 y de 17 a 20 horas  Sábados de 9 a 14:30 horas   Verano (de abril a octubre, ambos inclusive)   De lunes a jueves de 9 a 14 y de 17:30 a 20:30 horas  Viernes de 9 a 14:30 y de 17:30 a 20:30 horas.  Sábados de 9 a 14:30 horas;;Metro: Villa de Vallecas (línea 1).  Bus: 54, 58, 103, 142, 143.;;1;http://www.madrid.es/sites/v/index.jsp?vgnextchannel=9e4c43db40317010VgnVCM100000dc0ca8c0RCRD&vgnextoid=b6cb72081661c010VgnVCM1000000b205a0aRCRD;SIERRA VIEJA;CALLE;V;61;;;;;MADRID;MADRID;28031;CASCO H.VALLECAS;VILLA DE VALLECAS;447145;4470171;4.037.857.107.320.670;-3.623.949.195.193.400;917 777 151;;mercadovillavallecas@hotmail.com;/contenido/entidadesYorganismos/Comercios/Mercados; 
12437;Mercado municipal de Villaverde Alto;"El mercado de Villaverde Alto, inaugurado en 1966, se encuentra situado en el Paseo de Alberto Palacios, principal eje comercial del distrito de Villaverde.  En los establecimientos especializados ubicados en él, se concentra una variada y completa oferta de productos de alimentación (carnes, pescados, embutidos, quesos, pescados y mariscos, frutas y verduras, aves, huevos y caza, pan y productos de repostería, aceites, conservas &hellip;) que se complementa con la de diversos productos para equipamiento de la persona y del hogar. Dispone además de tres establecimientos de hostelería.";Invierno: de lunes a viernes de 9 a 14 y de 17 a 20 horas. Sábados de 9 a 14 horas.  Verano (de mayo a septiembre, ambos inclusive): de lunes a viernes de 9 a 14 y de 17:30 a 20:30 horas. Sábados de 9 a 14 horas.;;Metro: Villaverde Alto y Cercanías.  Bus: 22, 79, 86, 130, 131.;;0;http://www.madrid.es/sites/v/index.jsp?vgnextchannel=9e4c43db40317010VgnVCM100000dc0ca8c0RCRD&vgnextoid=0deb72081661c010VgnVCM1000000b205a0aRCRD;ALBERTO PALACIOS;PASEO;V;18;;;;;MADRID;MADRID;28021;SAN ANDRES;VILLAVERDE;439615;4466438;4.034.630.225.051.670;-37.110.317.703.364.500;917 971 143;;;/contenido/entidadesYorganismos/Comercios/Mercados; 
12419;Mercado municipal de la Cebada;El mercado de la Cebada, situado en el distrito centro, es uno de los mercados de abastos más grandes de Madrid. El edificio posee dos plantas de uso comercial, con una superficie de más de 6000 m2, repartida entre 91 locales. A estos espacios se añade una planta destinada a almacenes y aparcamiento. El mercado cuenta con dos plantas en las que se distribuyen los comercios de alimentación: carnicerías, charcuterías, fruterías, pescaderías, pollerías y otros establecimientos especializados como perfumería, óptica, floristería, tapicería... Cuenta con aparcamiento para clientes con acceso directo al mercado.;Lunes a viernes: 9:00 a 14:00 y de 17:00 a 20:30 horas.  Sábados: 9:00 a 18:00 horas.  Primer domingo de cada mes de 11:00 a 17:00.;;Metro: La Latina (línea 5)  Bus: 17, 18, 23, 31, 35, 50, 60, 65.;;1;http://www.madrid.es/sites/v/index.jsp?vgnextchannel=9e4c43db40317010VgnVCM100000dc0ca8c0RCRD&vgnextoid=7a47e1635561c010VgnVCM1000000b205a0aRCRD;CEBADA;PLAZA;V;17;;;;;MADRID;MADRID;28005;PALACIO;CENTRO;439889;4473857;4.041.129.262.886.910;-37.097.706.603.113.500;913 666 966;;gerentemercado@mercadodelacebada.com;/contenido/entidadesYorganismos/Comercios/Mercados; 
12398;Mercado municipal de la Paz;Este tradicional mercado de barrio, situado en el distrito de Salamanca, cuenta con tres entradas, una en la calle Ayala (la principal), otra en Lagasca y la última en Claudio Coello. Fue inaugurado en el año 1882 y una de sus particularidades es que fue construido con material de hierro. Es uno de los mercados del distrito con mayor popularidad y uno de los más emblemáticos de la ciudad. En su interior se han integrado perfectamente la clásica estructura de hierro de los antiguos mercados municipales y el diseño moderno y vanguardista de sus establecimientos, dando como resultado un espacio coqueto y acogedor en el que pueden encontrarse desde los productos frescos de la compra diaria a las más selectas exquisiteces. Además de la completa oferta de alimentación fresca, en sus cerca de 60 establecimientos puede encontrarse una excelente muestra de pequeño comercio y servicios relacionados con el hogar y la hostelería;De lunes a viernes de 9 a 20:30 horas. Sábado de 9 a 14:30 horas.;Zona Wifi;Metro: Serrano (línea 4)  Bus: 1, 5, 9, 14, 19, 21, 27, 45, 51, 53, 74, 150, C;;1;http://www.madrid.es/sites/v/index.jsp?vgnextchannel=9e4c43db40317010VgnVCM100000dc0ca8c0RCRD&vgnextoid=c077e1635561c010VgnVCM1000000b205a0aRCRD;AYALA;CALLE;V;28;;;;;MADRID;MADRID;28001;RECOLETOS;SALAMANCA;441936;4475666;4.042.772.557.961.970;-36.858.115.591.230.600;914 350 743 ;;mercadodepaz@hotmail.com;/contenido/entidadesYorganismos/Comercios/Mercados; 
12442;Mercado municipal de la Remonta;En pleno eje comercial de Bravo Murillo se encuentra el edificio del mercado de La Remonta, construido en el año 1989. Se trata de uno de los inmuebles que integra la Plaza de La Remonta, gran espacio cívico y lugar de encuentro del Distrito de Tetuán. La fachada de este mercado es de ladrillo, del mismo material que utilizan los edificios que rodean la plaza de La Remonta, continuando la tradición de maestros ladrilleros de los antiguos habitantes de Tetuán. El mercado lo integran establecimientos dedicados a la venta de productos no alimentarios en la planta baja (moda y zapatería, artículos de regalo, joyería, mercería, peluquería, locutorio, telefonía y restauración), un supermercado de Mercadona en la planta primera, y oficinas en las dos plantas superiores Todas las plantas cuentan con accesibilidad universal.;Mercado: de lunes a viernes de 9 a 14 y de 17 a 20:30 horas. Sábados de 9 a 14 horas.   Supermercado Mercadona: de lunes a sábado de 9:15 a 21:15 horas.;;Metro: Valdeacederas (línea 1)  Bus: 49, 66, 124, 149;;1;http://www.madrid.es/sites/v/index.jsp?vgnextchannel=9e4c43db40317010VgnVCM100000dc0ca8c0RCRD&vgnextoid=1797e1635561c010VgnVCM1000000b205a0aRCRD;BRAVO MURILLO;CALLE;V;327;;;;;MADRID;MADRID;28020;VALDEACEDERAS;TETUAN;441081;4479696;40.463.969.366.476.400;-3.696.264.958.640.330;915 718 517;;ccremonta@gmail.com;/contenido/entidadesYorganismos/Comercios/Mercados; 